{
    "name": "pgwslider",
    "title": "PgwSlider",
    "description": "Responsive and lightweight Slider plugin for jQuery",
    "keywords": [
        "slider",
        "slideshow",
        "gallery",
        "responsive",
        "mobile",
        "image",
        "animation",
        "ui"
    ],
    "version": "2.3.0",
    "author": {
        "name": "Jonathan M. Piat"
    },
    "maintainers": [
        {
            "name": "Jonathan M. Piat"
        }
    ],
    "licenses": [
        {
            "type": "GNU GPLv3",
            "url": "http://opensource.org/licenses/gpl-3.0"
        }
    ],
    "bugs": "https://github.com/Pagawa/PgwSlider/issues",
    "homepage": "http://pgwjs.com/pgwslider",
    "docs": "http://pgwjs.com/pgwslider",
    "download": "http://pgwjs.com/pgwslider",
    "dependencies": {
        "jquery": ">=1"
    }
}